Nome de Usuario,Email,Senha,Bairro,Ranking
anavi,raianav31@gmail.com,2356,Sussuarana,Gardênia
sigor,sigor2154@gmail.com,123,Cabula,Gloxinia
nath,nathsouza8@gmail.com,2356,Sussuarana,Alstroeméria
cookie,auauau@gmail.com,2356,Sussuarana,Alstroeméria
lucas,lukahs@gmail.com,2356,Sussuarana,Alstroeméria
daniel,dandandan@gmail.com,2356,Sussuarana,Gardênia
raphael,raphinhabastos@gmail.com,2356,Sussuarana,Gardênia
spike,rawrrawrawr@gmail.com,2356,Sussuarana,Gloxinia
miguel,mguelbrgg0205@gmail.com,2356,Sussuarana,Gloxinia
